slurm_pilot_seed42_jsrt_pilot5_2626,predicted_mask+mask_free,42,nogit,df74c5f5e9e3f2af21ae0a9e050e9b0dff0ef2abea917cb2c7b18d34dfe7dd43,d1e0fd50006127f43f42e0f4a960a1408357cacffadf67fa536a212caeb12efe,running,false,2026-02-17T11:05:55Z,,slurm pilot started on job_id=2626
slurm_pilot_seed42_jsrt_pilot5_2626,predicted_mask+mask_free,42,nogit,df74c5f5e9e3f2af21ae0a9e050e9b0dff0ef2abea917cb2c7b18d34dfe7dd43,d1e0fd50006127f43f42e0f4a960a1408357cacffadf67fa536a212caeb12efe,failed,false,2026-02-17T11:05:55Z,2026-02-17T11:05:55Z,Unhandled error
slurm_pilot_seed42_jsrt_pilot5_2628,predicted_mask+mask_free,42,nogit,df74c5f5e9e3f2af21ae0a9e050e9b0dff0ef2abea917cb2c7b18d34dfe7dd43,d1e0fd50006127f43f42e0f4a960a1408357cacffadf67fa536a212caeb12efe,running,false,2026-02-17T11:06:43Z,,slurm pilot started on job_id=2628
gpu_pilot_jsrt_pilot5_predicted_mask_seed42_20260217T110643Z,predicted_mask,42,nogit,df74c5f5e9e3f2af21ae0a9e050e9b0dff0ef2abea917cb2c7b18d34dfe7dd43,d1e0fd50006127f43f42e0f4a960a1408357cacffadf67fa536a212caeb12efe,running,false,2026-02-17T11:06:43Z,,gpu_pilot started; budget_sec=1740; log=/storage/xai_cxr_safety/xai_shift_fingerprints_reproduction_20251225_full/logs_v2/gpu_pilot_jsrt_pilot5_predicted_mask_seed42_20260217T110643Z.log
gpu_pilot_jsrt_pilot5_predicted_mask_seed42_20260217T110643Z,predicted_mask,42,nogit,df74c5f5e9e3f2af21ae0a9e050e9b0dff0ef2abea917cb2c7b18d34dfe7dd43,d1e0fd50006127f43f42e0f4a960a1408357cacffadf67fa536a212caeb12efe,failed,false,2026-02-17T11:06:43Z,2026-02-17T11:07:11Z,gpu_pilot failed(rc=1); output_hash=; log=/storage/xai_cxr_safety/xai_shift_fingerprints_reproduction_20251225_full/logs_v2/gpu_pilot_jsrt_pilot5_predicted_mask_seed42_20260217T110643Z.log
slurm_pilot_seed42_jsrt_pilot5_2628,predicted_mask+mask_free,42,nogit,df74c5f5e9e3f2af21ae0a9e050e9b0dff0ef2abea917cb2c7b18d34dfe7dd43,d1e0fd50006127f43f42e0f4a960a1408357cacffadf67fa536a212caeb12efe,failed,false,2026-02-17T11:06:43Z,2026-02-17T11:07:11Z,Unhandled error
slurm_pilot_seed42_jsrt_pilot5_2631,predicted_mask+mask_free,42,nogit,df74c5f5e9e3f2af21ae0a9e050e9b0dff0ef2abea917cb2c7b18d34dfe7dd43,d1e0fd50006127f43f42e0f4a960a1408357cacffadf67fa536a212caeb12efe,running,false,2026-02-17T11:13:49Z,,slurm pilot started on job_id=2631
gpu_pilot_jsrt_pilot5_predicted_mask_seed42_20260217T111349Z,predicted_mask,42,nogit,df74c5f5e9e3f2af21ae0a9e050e9b0dff0ef2abea917cb2c7b18d34dfe7dd43,d1e0fd50006127f43f42e0f4a960a1408357cacffadf67fa536a212caeb12efe,running,false,2026-02-17T11:13:50Z,,gpu_pilot started; budget_sec=1740; log=/storage/xai_cxr_safety/xai_shift_fingerprints_reproduction_20251225_full/logs_v2/gpu_pilot_jsrt_pilot5_predicted_mask_seed42_20260217T111349Z.log
gpu_pilot_jsrt_pilot5_predicted_mask_seed42_20260217T111349Z,predicted_mask,42,nogit,df74c5f5e9e3f2af21ae0a9e050e9b0dff0ef2abea917cb2c7b18d34dfe7dd43,d1e0fd50006127f43f42e0f4a960a1408357cacffadf67fa536a212caeb12efe,completed,true,2026-02-17T11:13:50Z,2026-02-17T11:14:18Z,gpu_pilot completed; output_hash=a6974ff4c5cdecb6b7157c47543d8a16b20160fbf9ba24d7c284ec82e190d717; log=/storage/xai_cxr_safety/xai_shift_fingerprints_reproduction_20251225_full/logs_v2/gpu_pilot_jsrt_pilot5_predicted_mask_seed42_20260217T111349Z.log
gpu_pilot_jsrt_pilot5_mask_free_seed42_20260217T111419Z,mask_free,42,nogit,df74c5f5e9e3f2af21ae0a9e050e9b0dff0ef2abea917cb2c7b18d34dfe7dd43,d1e0fd50006127f43f42e0f4a960a1408357cacffadf67fa536a212caeb12efe,running,false,2026-02-17T11:14:19Z,,gpu_pilot started; budget_sec=1710; log=/storage/xai_cxr_safety/xai_shift_fingerprints_reproduction_20251225_full/logs_v2/gpu_pilot_jsrt_pilot5_mask_free_seed42_20260217T111419Z.log
gpu_pilot_jsrt_pilot5_mask_free_seed42_20260217T111419Z,mask_free,42,nogit,df74c5f5e9e3f2af21ae0a9e050e9b0dff0ef2abea917cb2c7b18d34dfe7dd43,d1e0fd50006127f43f42e0f4a960a1408357cacffadf67fa536a212caeb12efe,completed,true,2026-02-17T11:14:19Z,2026-02-17T11:14:33Z,gpu_pilot completed; output_hash=bf0551875c4a013375149360e81c187166ad755cc03f68041126925c3b671b67; log=/storage/xai_cxr_safety/xai_shift_fingerprints_reproduction_20251225_full/logs_v2/gpu_pilot_jsrt_pilot5_mask_free_seed42_20260217T111419Z.log
slurm_pilot_seed42_jsrt_pilot5_2631,predicted_mask+mask_free,42,nogit,df74c5f5e9e3f2af21ae0a9e050e9b0dff0ef2abea917cb2c7b18d34dfe7dd43,d1e0fd50006127f43f42e0f4a960a1408357cacffadf67fa536a212caeb12efe,failed,false,2026-02-17T11:13:49Z,2026-02-17T11:14:33Z,Unhandled error
slurm_pilot_seed42_jsrt_pilot5_2633,predicted_mask+mask_free,42,nogit,df74c5f5e9e3f2af21ae0a9e050e9b0dff0ef2abea917cb2c7b18d34dfe7dd43,d1e0fd50006127f43f42e0f4a960a1408357cacffadf67fa536a212caeb12efe,running,false,2026-02-17T11:15:39Z,,slurm pilot started on job_id=2633
gpu_pilot_jsrt_pilot5_predicted_mask_seed42_20260217T111540Z,predicted_mask,42,nogit,df74c5f5e9e3f2af21ae0a9e050e9b0dff0ef2abea917cb2c7b18d34dfe7dd43,d1e0fd50006127f43f42e0f4a960a1408357cacffadf67fa536a212caeb12efe,running,false,2026-02-17T11:15:40Z,,gpu_pilot started; budget_sec=1740; log=/storage/xai_cxr_safety/xai_shift_fingerprints_reproduction_20251225_full/logs_v2/gpu_pilot_jsrt_pilot5_predicted_mask_seed42_20260217T111540Z.log
gpu_pilot_jsrt_pilot5_predicted_mask_seed42_20260217T111540Z,predicted_mask,42,nogit,df74c5f5e9e3f2af21ae0a9e050e9b0dff0ef2abea917cb2c7b18d34dfe7dd43,d1e0fd50006127f43f42e0f4a960a1408357cacffadf67fa536a212caeb12efe,completed,true,2026-02-17T11:15:40Z,2026-02-17T11:15:55Z,gpu_pilot completed; output_hash=83df3dc113da480f24d5fb1c0239f178847985dab0c002a40660fef3b7a6a3ca; log=/storage/xai_cxr_safety/xai_shift_fingerprints_reproduction_20251225_full/logs_v2/gpu_pilot_jsrt_pilot5_predicted_mask_seed42_20260217T111540Z.log
gpu_pilot_jsrt_pilot5_mask_free_seed42_20260217T111555Z,mask_free,42,nogit,df74c5f5e9e3f2af21ae0a9e050e9b0dff0ef2abea917cb2c7b18d34dfe7dd43,d1e0fd50006127f43f42e0f4a960a1408357cacffadf67fa536a212caeb12efe,running,false,2026-02-17T11:15:55Z,,gpu_pilot started; budget_sec=1725; log=/storage/xai_cxr_safety/xai_shift_fingerprints_reproduction_20251225_full/logs_v2/gpu_pilot_jsrt_pilot5_mask_free_seed42_20260217T111555Z.log
gpu_pilot_jsrt_pilot5_mask_free_seed42_20260217T111555Z,mask_free,42,nogit,df74c5f5e9e3f2af21ae0a9e050e9b0dff0ef2abea917cb2c7b18d34dfe7dd43,d1e0fd50006127f43f42e0f4a960a1408357cacffadf67fa536a212caeb12efe,completed,true,2026-02-17T11:15:55Z,2026-02-17T11:16:07Z,gpu_pilot completed; output_hash=49e50667b2a1b1fa80ea5a12b1e394861dc534ed914bcf7f5d225116578c3fd5; log=/storage/xai_cxr_safety/xai_shift_fingerprints_reproduction_20251225_full/logs_v2/gpu_pilot_jsrt_pilot5_mask_free_seed42_20260217T111555Z.log
slurm_pilot_seed42_jsrt_pilot5_2633,predicted_mask+mask_free,42,nogit,df74c5f5e9e3f2af21ae0a9e050e9b0dff0ef2abea917cb2c7b18d34dfe7dd43,d1e0fd50006127f43f42e0f4a960a1408357cacffadf67fa536a212caeb12efe,failed,false,2026-02-17T11:15:39Z,2026-02-17T11:16:08Z,Unhandled error
slurm_pilot_seed42_jsrt_pilot5_2635,predicted_mask+mask_free,42,nogit,df74c5f5e9e3f2af21ae0a9e050e9b0dff0ef2abea917cb2c7b18d34dfe7dd43,8b411e3f4a02c1a966eb00afda8dd881e364a2e8e0d5cf0794553221b1bf69ef,running,false,2026-02-17T11:18:09Z,,slurm pilot started on job_id=2635
gpu_pilot_jsrt_pilot5_predicted_mask_seed42_20260217T111809Z,predicted_mask,42,nogit,df74c5f5e9e3f2af21ae0a9e050e9b0dff0ef2abea917cb2c7b18d34dfe7dd43,8b411e3f4a02c1a966eb00afda8dd881e364a2e8e0d5cf0794553221b1bf69ef,running,false,2026-02-17T11:18:09Z,,gpu_pilot started; budget_sec=1740; log=/storage/xai_cxr_safety/xai_shift_fingerprints_reproduction_20251225_full/logs_v2/gpu_pilot_jsrt_pilot5_predicted_mask_seed42_20260217T111809Z.log
gpu_pilot_jsrt_pilot5_predicted_mask_seed42_20260217T111809Z,predicted_mask,42,nogit,df74c5f5e9e3f2af21ae0a9e050e9b0dff0ef2abea917cb2c7b18d34dfe7dd43,8b411e3f4a02c1a966eb00afda8dd881e364a2e8e0d5cf0794553221b1bf69ef,completed,true,2026-02-17T11:18:09Z,2026-02-17T11:18:24Z,gpu_pilot completed; output_hash=c2e1361476c5db4762c6eaf60682c7fc0343c93838190f23ca324f11d5f63d9f; log=/storage/xai_cxr_safety/xai_shift_fingerprints_reproduction_20251225_full/logs_v2/gpu_pilot_jsrt_pilot5_predicted_mask_seed42_20260217T111809Z.log
gpu_pilot_jsrt_pilot5_mask_free_seed42_20260217T111824Z,mask_free,42,nogit,df74c5f5e9e3f2af21ae0a9e050e9b0dff0ef2abea917cb2c7b18d34dfe7dd43,8b411e3f4a02c1a966eb00afda8dd881e364a2e8e0d5cf0794553221b1bf69ef,running,false,2026-02-17T11:18:24Z,,gpu_pilot started; budget_sec=1725; log=/storage/xai_cxr_safety/xai_shift_fingerprints_reproduction_20251225_full/logs_v2/gpu_pilot_jsrt_pilot5_mask_free_seed42_20260217T111824Z.log
gpu_pilot_jsrt_pilot5_mask_free_seed42_20260217T111824Z,mask_free,42,nogit,df74c5f5e9e3f2af21ae0a9e050e9b0dff0ef2abea917cb2c7b18d34dfe7dd43,8b411e3f4a02c1a966eb00afda8dd881e364a2e8e0d5cf0794553221b1bf69ef,completed,true,2026-02-17T11:18:24Z,2026-02-17T11:18:36Z,gpu_pilot completed; output_hash=abbc053178de5a995ee3cbc65863c20626293ee4d8cae71687e724ee42fb5fbb; log=/storage/xai_cxr_safety/xai_shift_fingerprints_reproduction_20251225_full/logs_v2/gpu_pilot_jsrt_pilot5_mask_free_seed42_20260217T111824Z.log
slurm_pilot_seed42_jsrt_pilot5_2635,predicted_mask+mask_free,42,nogit,df74c5f5e9e3f2af21ae0a9e050e9b0dff0ef2abea917cb2c7b18d34dfe7dd43,8b411e3f4a02c1a966eb00afda8dd881e364a2e8e0d5cf0794553221b1bf69ef,failed,false,2026-02-17T11:18:09Z,2026-02-17T11:18:40Z,Unhandled error
slurm_pilot_seed42_jsrt_pilot5_2637,predicted_mask+mask_free,42,nogit,df74c5f5e9e3f2af21ae0a9e050e9b0dff0ef2abea917cb2c7b18d34dfe7dd43,8b411e3f4a02c1a966eb00afda8dd881e364a2e8e0d5cf0794553221b1bf69ef,running,false,2026-02-17T11:19:24Z,,slurm pilot started on job_id=2637
gpu_pilot_jsrt_pilot5_predicted_mask_seed42_20260217T111924Z,predicted_mask,42,nogit,df74c5f5e9e3f2af21ae0a9e050e9b0dff0ef2abea917cb2c7b18d34dfe7dd43,8b411e3f4a02c1a966eb00afda8dd881e364a2e8e0d5cf0794553221b1bf69ef,running,false,2026-02-17T11:19:24Z,,gpu_pilot started; budget_sec=1740; log=/storage/xai_cxr_safety/xai_shift_fingerprints_reproduction_20251225_full/logs_v2/gpu_pilot_jsrt_pilot5_predicted_mask_seed42_20260217T111924Z.log
gpu_pilot_jsrt_pilot5_predicted_mask_seed42_20260217T111924Z,predicted_mask,42,nogit,df74c5f5e9e3f2af21ae0a9e050e9b0dff0ef2abea917cb2c7b18d34dfe7dd43,8b411e3f4a02c1a966eb00afda8dd881e364a2e8e0d5cf0794553221b1bf69ef,completed,true,2026-02-17T11:19:24Z,2026-02-17T11:19:39Z,gpu_pilot completed; output_hash=df9d9c0b6ddb0a2f38b31bcb1ee6d7621c0c738947c3cd1810ed4e82628636e7; log=/storage/xai_cxr_safety/xai_shift_fingerprints_reproduction_20251225_full/logs_v2/gpu_pilot_jsrt_pilot5_predicted_mask_seed42_20260217T111924Z.log
gpu_pilot_jsrt_pilot5_mask_free_seed42_20260217T111939Z,mask_free,42,nogit,df74c5f5e9e3f2af21ae0a9e050e9b0dff0ef2abea917cb2c7b18d34dfe7dd43,8b411e3f4a02c1a966eb00afda8dd881e364a2e8e0d5cf0794553221b1bf69ef,running,false,2026-02-17T11:19:39Z,,gpu_pilot started; budget_sec=1725; log=/storage/xai_cxr_safety/xai_shift_fingerprints_reproduction_20251225_full/logs_v2/gpu_pilot_jsrt_pilot5_mask_free_seed42_20260217T111939Z.log
gpu_pilot_jsrt_pilot5_mask_free_seed42_20260217T111939Z,mask_free,42,nogit,df74c5f5e9e3f2af21ae0a9e050e9b0dff0ef2abea917cb2c7b18d34dfe7dd43,8b411e3f4a02c1a966eb00afda8dd881e364a2e8e0d5cf0794553221b1bf69ef,completed,true,2026-02-17T11:19:39Z,2026-02-17T11:19:51Z,gpu_pilot completed; output_hash=43e90f3c138a98e733d8cc4e6020448397a42574f5a1385fd77eda2e5a5801db; log=/storage/xai_cxr_safety/xai_shift_fingerprints_reproduction_20251225_full/logs_v2/gpu_pilot_jsrt_pilot5_mask_free_seed42_20260217T111939Z.log
slurm_pilot_seed42_jsrt_pilot5_2637,predicted_mask+mask_free,42,nogit,df74c5f5e9e3f2af21ae0a9e050e9b0dff0ef2abea917cb2c7b18d34dfe7dd43,8b411e3f4a02c1a966eb00afda8dd881e364a2e8e0d5cf0794553221b1bf69ef,completed,true,2026-02-17T11:19:24Z,2026-02-17T11:19:54Z,slurm constrained pilot completed; preflight pass + post-tests pass
slurm_pilot_seed42_jsrt_full_2639,predicted_mask+mask_free,42,nogit,df74c5f5e9e3f2af21ae0a9e050e9b0dff0ef2abea917cb2c7b18d34dfe7dd43,8b411e3f4a02c1a966eb00afda8dd881e364a2e8e0d5cf0794553221b1bf69ef,running,false,2026-02-17T11:25:17Z,,slurm pilot started on job_id=2639
gpu_pilot_jsrt_full_predicted_mask_seed42_20260217T112521Z,predicted_mask,42,nogit,df74c5f5e9e3f2af21ae0a9e050e9b0dff0ef2abea917cb2c7b18d34dfe7dd43,16a4973e3929cc7238270b69c529d793cb436b1a1b16c8df8720f541ab2297cf,running,false,2026-02-17T11:25:21Z,,gpu_pilot started; budget_sec=2400; log=/storage/xai_cxr_safety/xai_shift_fingerprints_reproduction_20251225_full/logs_v2/gpu_pilot_jsrt_full_predicted_mask_seed42_20260217T112521Z.log
gpu_pilot_jsrt_full_predicted_mask_seed42_20260217T112521Z,predicted_mask,42,nogit,df74c5f5e9e3f2af21ae0a9e050e9b0dff0ef2abea917cb2c7b18d34dfe7dd43,16a4973e3929cc7238270b69c529d793cb436b1a1b16c8df8720f541ab2297cf,completed,true,2026-02-17T11:25:21Z,2026-02-17T11:27:05Z,gpu_pilot completed; output_hash=cb5ff320095168958484e47ebc918d5a760a44f40b41bad716d40be258acb220; log=/storage/xai_cxr_safety/xai_shift_fingerprints_reproduction_20251225_full/logs_v2/gpu_pilot_jsrt_full_predicted_mask_seed42_20260217T112521Z.log
gpu_pilot_jsrt_full_mask_free_seed42_20260217T112705Z,mask_free,42,nogit,df74c5f5e9e3f2af21ae0a9e050e9b0dff0ef2abea917cb2c7b18d34dfe7dd43,16a4973e3929cc7238270b69c529d793cb436b1a1b16c8df8720f541ab2297cf,running,false,2026-02-17T11:27:05Z,,gpu_pilot started; budget_sec=2296; log=/storage/xai_cxr_safety/xai_shift_fingerprints_reproduction_20251225_full/logs_v2/gpu_pilot_jsrt_full_mask_free_seed42_20260217T112705Z.log
gpu_pilot_jsrt_full_mask_free_seed42_20260217T112705Z,mask_free,42,nogit,df74c5f5e9e3f2af21ae0a9e050e9b0dff0ef2abea917cb2c7b18d34dfe7dd43,16a4973e3929cc7238270b69c529d793cb436b1a1b16c8df8720f541ab2297cf,completed,true,2026-02-17T11:27:05Z,2026-02-17T11:28:44Z,gpu_pilot completed; output_hash=82b5323aea4dd6145a1583664522bbe53c1ffdf3be8cc51e865520eb5e5df13a; log=/storage/xai_cxr_safety/xai_shift_fingerprints_reproduction_20251225_full/logs_v2/gpu_pilot_jsrt_full_mask_free_seed42_20260217T112705Z.log
slurm_pilot_seed42_jsrt_full_2639,predicted_mask+mask_free,42,nogit,df74c5f5e9e3f2af21ae0a9e050e9b0dff0ef2abea917cb2c7b18d34dfe7dd43,8b411e3f4a02c1a966eb00afda8dd881e364a2e8e0d5cf0794553221b1bf69ef,completed,true,2026-02-17T11:25:17Z,2026-02-17T11:28:47Z,slurm constrained pilot completed; preflight pass + post-tests pass
slurm_pilot_seed42_jsrt_full_2641,predicted_mask+mask_free,42,nogit,df74c5f5e9e3f2af21ae0a9e050e9b0dff0ef2abea917cb2c7b18d34dfe7dd43,fd75dbcbe096504e832fd9804a9f88664a420353167c3d71cfee62d587e372e0,running,false,2026-02-17T11:33:25Z,,slurm pilot started on job_id=2641
slurm_pilot_seed42_jsrt_full_2641,predicted_mask+mask_free,42,nogit,df74c5f5e9e3f2af21ae0a9e050e9b0dff0ef2abea917cb2c7b18d34dfe7dd43,fd75dbcbe096504e832fd9804a9f88664a420353167c3d71cfee62d587e372e0,failed,false,2026-02-17T11:33:25Z,2026-02-17T11:33:26Z,Unhandled error
slurm_jsrt_to_montgomery_seed42_full_2643,predicted_mask+mask_free,42,nogit,df74c5f5e9e3f2af21ae0a9e050e9b0dff0ef2abea917cb2c7b18d34dfe7dd43,fd75dbcbe096504e832fd9804a9f88664a420353167c3d71cfee62d587e372e0,running,false,2026-02-17T11:34:13Z,,slurm pilot started on job_id=2643
gpu_pilot_jsrt_full_predicted_mask_seed42_20260217T113414Z,predicted_mask,42,nogit,df74c5f5e9e3f2af21ae0a9e050e9b0dff0ef2abea917cb2c7b18d34dfe7dd43,fd75dbcbe096504e832fd9804a9f88664a420353167c3d71cfee62d587e372e0,running,false,2026-02-17T11:34:14Z,,gpu_pilot started; budget_sec=6900; log=/storage/xai_cxr_safety/xai_shift_fingerprints_reproduction_20251225_full/logs_v2/gpu_pilot_jsrt_full_predicted_mask_seed42_20260217T113414Z.log
gpu_pilot_jsrt_full_predicted_mask_seed42_20260217T113414Z,predicted_mask,42,nogit,df74c5f5e9e3f2af21ae0a9e050e9b0dff0ef2abea917cb2c7b18d34dfe7dd43,fd75dbcbe096504e832fd9804a9f88664a420353167c3d71cfee62d587e372e0,completed,true,2026-02-17T11:34:14Z,2026-02-17T11:36:55Z,gpu_pilot completed; output_hash=9a2d63e8ce4019fb582d5abeefa4b2dc73466af867614b31016a0e78d63051fd; log=/storage/xai_cxr_safety/xai_shift_fingerprints_reproduction_20251225_full/logs_v2/gpu_pilot_jsrt_full_predicted_mask_seed42_20260217T113414Z.log
gpu_pilot_jsrt_full_mask_free_seed42_20260217T113655Z,mask_free,42,nogit,df74c5f5e9e3f2af21ae0a9e050e9b0dff0ef2abea917cb2c7b18d34dfe7dd43,fd75dbcbe096504e832fd9804a9f88664a420353167c3d71cfee62d587e372e0,running,false,2026-02-17T11:36:55Z,,gpu_pilot started; budget_sec=6739; log=/storage/xai_cxr_safety/xai_shift_fingerprints_reproduction_20251225_full/logs_v2/gpu_pilot_jsrt_full_mask_free_seed42_20260217T113655Z.log
gpu_pilot_jsrt_full_mask_free_seed42_20260217T113655Z,mask_free,42,nogit,df74c5f5e9e3f2af21ae0a9e050e9b0dff0ef2abea917cb2c7b18d34dfe7dd43,fd75dbcbe096504e832fd9804a9f88664a420353167c3d71cfee62d587e372e0,completed,true,2026-02-17T11:36:55Z,2026-02-17T11:39:24Z,gpu_pilot completed; output_hash=c43a3719f9c9f2dc12c6f16cd41a8f51c805a7aadbc420265df6ea009c544539; log=/storage/xai_cxr_safety/xai_shift_fingerprints_reproduction_20251225_full/logs_v2/gpu_pilot_jsrt_full_mask_free_seed42_20260217T113655Z.log
slurm_jsrt_to_montgomery_seed42_full_2643,predicted_mask+mask_free,42,nogit,df74c5f5e9e3f2af21ae0a9e050e9b0dff0ef2abea917cb2c7b18d34dfe7dd43,fd75dbcbe096504e832fd9804a9f88664a420353167c3d71cfee62d587e372e0,completed,true,2026-02-17T11:34:13Z,2026-02-17T11:39:29Z,slurm constrained pilot completed; preflight pass + post-tests pass
slurm_jsrt_to_montgomery_seed42_full_2645,predicted_mask+mask_free,42,nogit,df74c5f5e9e3f2af21ae0a9e050e9b0dff0ef2abea917cb2c7b18d34dfe7dd43,fd75dbcbe096504e832fd9804a9f88664a420353167c3d71cfee62d587e372e0,running,false,2026-02-17T11:49:12Z,,slurm pilot started on job_id=2645
gpu_pilot_jsrt_to_montgomery_full_predicted_mask_seed42_20260217T114914Z,predicted_mask,42,nogit,df74c5f5e9e3f2af21ae0a9e050e9b0dff0ef2abea917cb2c7b18d34dfe7dd43,fd75dbcbe096504e832fd9804a9f88664a420353167c3d71cfee62d587e372e0,running,false,2026-02-17T11:49:14Z,,gpu_pilot started; budget_sec=14100; log=/storage/xai_cxr_safety/xai_shift_fingerprints_reproduction_20251225_full/logs_v2/gpu_pilot_jsrt_to_montgomery_full_predicted_mask_seed42_20260217T114914Z.log
gpu_pilot_jsrt_to_montgomery_full_predicted_mask_seed42_20260217T114914Z,predicted_mask,42,nogit,df74c5f5e9e3f2af21ae0a9e050e9b0dff0ef2abea917cb2c7b18d34dfe7dd43,fd75dbcbe096504e832fd9804a9f88664a420353167c3d71cfee62d587e372e0,completed,true,2026-02-17T11:49:14Z,2026-02-17T11:51:54Z,gpu_pilot completed; output_hash=d23d69e7d20030315b81c38ab0236f45abdffcc9f7b638e7b31b6b8dd0f6667d; log=/storage/xai_cxr_safety/xai_shift_fingerprints_reproduction_20251225_full/logs_v2/gpu_pilot_jsrt_to_montgomery_full_predicted_mask_seed42_20260217T114914Z.log
gpu_pilot_jsrt_to_montgomery_full_mask_free_seed42_20260217T115154Z,mask_free,42,nogit,df74c5f5e9e3f2af21ae0a9e050e9b0dff0ef2abea917cb2c7b18d34dfe7dd43,fd75dbcbe096504e832fd9804a9f88664a420353167c3d71cfee62d587e372e0,running,false,2026-02-17T11:51:54Z,,gpu_pilot started; budget_sec=13940; log=/storage/xai_cxr_safety/xai_shift_fingerprints_reproduction_20251225_full/logs_v2/gpu_pilot_jsrt_to_montgomery_full_mask_free_seed42_20260217T115154Z.log
gpu_pilot_jsrt_to_montgomery_full_mask_free_seed42_20260217T115154Z,mask_free,42,nogit,df74c5f5e9e3f2af21ae0a9e050e9b0dff0ef2abea917cb2c7b18d34dfe7dd43,fd75dbcbe096504e832fd9804a9f88664a420353167c3d71cfee62d587e372e0,completed,true,2026-02-17T11:51:54Z,2026-02-17T11:54:22Z,gpu_pilot completed; output_hash=bcfc52b21d19493b24825dd64c410845ff3e2fe30481f6b5b6e9d833b0d1c5a3; log=/storage/xai_cxr_safety/xai_shift_fingerprints_reproduction_20251225_full/logs_v2/gpu_pilot_jsrt_to_montgomery_full_mask_free_seed42_20260217T115154Z.log
slurm_jsrt_to_montgomery_seed42_full_2645,predicted_mask+mask_free,42,nogit,df74c5f5e9e3f2af21ae0a9e050e9b0dff0ef2abea917cb2c7b18d34dfe7dd43,fd75dbcbe096504e832fd9804a9f88664a420353167c3d71cfee62d587e372e0,completed,true,2026-02-17T11:49:12Z,2026-02-17T11:54:28Z,slurm constrained pilot completed; preflight pass + post-tests pass
slurm_jsrt_to_montgomery_seed42_full_2647,predicted_mask+mask_free,42,nogit,df74c5f5e9e3f2af21ae0a9e050e9b0dff0ef2abea917cb2c7b18d34dfe7dd43,fd75dbcbe096504e832fd9804a9f88664a420353167c3d71cfee62d587e372e0,running,false,2026-02-17T11:58:22Z,,slurm pilot started on job_id=2647
gpu_pilot_jsrt_to_montgomery_full_predicted_mask_seed42_20260217T115823Z,predicted_mask,42,nogit,df74c5f5e9e3f2af21ae0a9e050e9b0dff0ef2abea917cb2c7b18d34dfe7dd43,fd75dbcbe096504e832fd9804a9f88664a420353167c3d71cfee62d587e372e0,running,false,2026-02-17T11:58:23Z,,gpu_pilot started; budget_sec=6900; log=/storage/xai_cxr_safety/xai_shift_fingerprints_reproduction_20251225_full/logs_v2/gpu_pilot_jsrt_to_montgomery_full_predicted_mask_seed42_20260217T115823Z.log
gpu_pilot_jsrt_to_montgomery_full_predicted_mask_seed42_20260217T115823Z,predicted_mask,42,nogit,df74c5f5e9e3f2af21ae0a9e050e9b0dff0ef2abea917cb2c7b18d34dfe7dd43,fd75dbcbe096504e832fd9804a9f88664a420353167c3d71cfee62d587e372e0,completed,true,2026-02-17T11:58:23Z,2026-02-17T12:01:04Z,gpu_pilot completed; output_hash=de81b5f29f50fbaa2557077f9eb73b1e90993daebd5972a5c2aa60cb604ce0e1; log=/storage/xai_cxr_safety/xai_shift_fingerprints_reproduction_20251225_full/logs_v2/gpu_pilot_jsrt_to_montgomery_full_predicted_mask_seed42_20260217T115823Z.log
gpu_pilot_jsrt_to_montgomery_full_mask_free_seed42_20260217T120104Z,mask_free,42,nogit,df74c5f5e9e3f2af21ae0a9e050e9b0dff0ef2abea917cb2c7b18d34dfe7dd43,fd75dbcbe096504e832fd9804a9f88664a420353167c3d71cfee62d587e372e0,running,false,2026-02-17T12:01:04Z,,gpu_pilot started; budget_sec=6739; log=/storage/xai_cxr_safety/xai_shift_fingerprints_reproduction_20251225_full/logs_v2/gpu_pilot_jsrt_to_montgomery_full_mask_free_seed42_20260217T120104Z.log
gpu_pilot_jsrt_to_montgomery_full_mask_free_seed42_20260217T120104Z,mask_free,42,nogit,df74c5f5e9e3f2af21ae0a9e050e9b0dff0ef2abea917cb2c7b18d34dfe7dd43,fd75dbcbe096504e832fd9804a9f88664a420353167c3d71cfee62d587e372e0,completed,true,2026-02-17T12:01:04Z,2026-02-17T12:03:32Z,gpu_pilot completed; output_hash=df97da675b325788ec2910072a7de235cc3d70cdc68a37d768a3bb79d6375531; log=/storage/xai_cxr_safety/xai_shift_fingerprints_reproduction_20251225_full/logs_v2/gpu_pilot_jsrt_to_montgomery_full_mask_free_seed42_20260217T120104Z.log
slurm_jsrt_to_montgomery_seed42_full_2647,predicted_mask+mask_free,42,nogit,df74c5f5e9e3f2af21ae0a9e050e9b0dff0ef2abea917cb2c7b18d34dfe7dd43,fd75dbcbe096504e832fd9804a9f88664a420353167c3d71cfee62d587e372e0,completed,true,2026-02-17T11:58:22Z,2026-02-17T12:03:37Z,slurm constrained pilot completed; preflight pass + post-tests pass
slurm_jsrt_to_montgomery_seed43_full_2648,predicted_mask+mask_free,43,nogit,df74c5f5e9e3f2af21ae0a9e050e9b0dff0ef2abea917cb2c7b18d34dfe7dd43,fd75dbcbe096504e832fd9804a9f88664a420353167c3d71cfee62d587e372e0,running,false,2026-02-17T12:03:40Z,,slurm pilot started on job_id=2648
gpu_pilot_jsrt_to_montgomery_full_predicted_mask_seed43_20260217T120341Z,predicted_mask,43,nogit,df74c5f5e9e3f2af21ae0a9e050e9b0dff0ef2abea917cb2c7b18d34dfe7dd43,fd75dbcbe096504e832fd9804a9f88664a420353167c3d71cfee62d587e372e0,running,false,2026-02-17T12:03:41Z,,gpu_pilot started; budget_sec=6900; log=/storage/xai_cxr_safety/xai_shift_fingerprints_reproduction_20251225_full/logs_v2/gpu_pilot_jsrt_to_montgomery_full_predicted_mask_seed43_20260217T120341Z.log
gpu_pilot_jsrt_to_montgomery_full_predicted_mask_seed43_20260217T120341Z,predicted_mask,43,nogit,df74c5f5e9e3f2af21ae0a9e050e9b0dff0ef2abea917cb2c7b18d34dfe7dd43,fd75dbcbe096504e832fd9804a9f88664a420353167c3d71cfee62d587e372e0,completed,true,2026-02-17T12:03:41Z,2026-02-17T12:06:20Z,gpu_pilot completed; output_hash=6d3c3c13644d1e2fa6d701e0be7c698df5bd8b2c6d3c897249fc8b805be720ad; log=/storage/xai_cxr_safety/xai_shift_fingerprints_reproduction_20251225_full/logs_v2/gpu_pilot_jsrt_to_montgomery_full_predicted_mask_seed43_20260217T120341Z.log
gpu_pilot_jsrt_to_montgomery_full_mask_free_seed43_20260217T120621Z,mask_free,43,nogit,df74c5f5e9e3f2af21ae0a9e050e9b0dff0ef2abea917cb2c7b18d34dfe7dd43,fd75dbcbe096504e832fd9804a9f88664a420353167c3d71cfee62d587e372e0,running,false,2026-02-17T12:06:21Z,,gpu_pilot started; budget_sec=6740; log=/storage/xai_cxr_safety/xai_shift_fingerprints_reproduction_20251225_full/logs_v2/gpu_pilot_jsrt_to_montgomery_full_mask_free_seed43_20260217T120621Z.log
gpu_pilot_jsrt_to_montgomery_full_mask_free_seed43_20260217T120621Z,mask_free,43,nogit,df74c5f5e9e3f2af21ae0a9e050e9b0dff0ef2abea917cb2c7b18d34dfe7dd43,fd75dbcbe096504e832fd9804a9f88664a420353167c3d71cfee62d587e372e0,completed,true,2026-02-17T12:06:21Z,2026-02-17T12:08:49Z,gpu_pilot completed; output_hash=f4e84a06ba92dcfc967258fabb8c7d014b4650db19b12a83cbb702b51a98b893; log=/storage/xai_cxr_safety/xai_shift_fingerprints_reproduction_20251225_full/logs_v2/gpu_pilot_jsrt_to_montgomery_full_mask_free_seed43_20260217T120621Z.log
slurm_jsrt_to_montgomery_seed43_full_2648,predicted_mask+mask_free,43,nogit,df74c5f5e9e3f2af21ae0a9e050e9b0dff0ef2abea917cb2c7b18d34dfe7dd43,fd75dbcbe096504e832fd9804a9f88664a420353167c3d71cfee62d587e372e0,completed,true,2026-02-17T12:03:40Z,2026-02-17T12:08:54Z,slurm constrained pilot completed; preflight pass + post-tests pass
slurm_jsrt_to_montgomery_seed44_full_2649,predicted_mask+mask_free,44,nogit,df74c5f5e9e3f2af21ae0a9e050e9b0dff0ef2abea917cb2c7b18d34dfe7dd43,fd75dbcbe096504e832fd9804a9f88664a420353167c3d71cfee62d587e372e0,running,false,2026-02-17T12:08:58Z,,slurm pilot started on job_id=2649
gpu_pilot_jsrt_to_montgomery_full_predicted_mask_seed44_20260217T120859Z,predicted_mask,44,nogit,df74c5f5e9e3f2af21ae0a9e050e9b0dff0ef2abea917cb2c7b18d34dfe7dd43,fd75dbcbe096504e832fd9804a9f88664a420353167c3d71cfee62d587e372e0,running,false,2026-02-17T12:08:59Z,,gpu_pilot started; budget_sec=6900; log=/storage/xai_cxr_safety/xai_shift_fingerprints_reproduction_20251225_full/logs_v2/gpu_pilot_jsrt_to_montgomery_full_predicted_mask_seed44_20260217T120859Z.log
gpu_pilot_jsrt_to_montgomery_full_predicted_mask_seed44_20260217T120859Z,predicted_mask,44,nogit,df74c5f5e9e3f2af21ae0a9e050e9b0dff0ef2abea917cb2c7b18d34dfe7dd43,fd75dbcbe096504e832fd9804a9f88664a420353167c3d71cfee62d587e372e0,completed,true,2026-02-17T12:08:59Z,2026-02-17T12:11:37Z,gpu_pilot completed; output_hash=98a41868a302f06ac9a4f365b060afff6cf379ba5f2b1d071347b88750d83801; log=/storage/xai_cxr_safety/xai_shift_fingerprints_reproduction_20251225_full/logs_v2/gpu_pilot_jsrt_to_montgomery_full_predicted_mask_seed44_20260217T120859Z.log
gpu_pilot_jsrt_to_montgomery_full_mask_free_seed44_20260217T121137Z,mask_free,44,nogit,df74c5f5e9e3f2af21ae0a9e050e9b0dff0ef2abea917cb2c7b18d34dfe7dd43,fd75dbcbe096504e832fd9804a9f88664a420353167c3d71cfee62d587e372e0,running,false,2026-02-17T12:11:37Z,,gpu_pilot started; budget_sec=6742; log=/storage/xai_cxr_safety/xai_shift_fingerprints_reproduction_20251225_full/logs_v2/gpu_pilot_jsrt_to_montgomery_full_mask_free_seed44_20260217T121137Z.log
gpu_pilot_jsrt_to_montgomery_full_mask_free_seed44_20260217T121137Z,mask_free,44,nogit,df74c5f5e9e3f2af21ae0a9e050e9b0dff0ef2abea917cb2c7b18d34dfe7dd43,fd75dbcbe096504e832fd9804a9f88664a420353167c3d71cfee62d587e372e0,completed,true,2026-02-17T12:11:37Z,2026-02-17T12:14:06Z,gpu_pilot completed; output_hash=dc1c0621f4d6085750633480d4f0264bc975e5f3ecc0989749ec5ef40cce2772; log=/storage/xai_cxr_safety/xai_shift_fingerprints_reproduction_20251225_full/logs_v2/gpu_pilot_jsrt_to_montgomery_full_mask_free_seed44_20260217T121137Z.log
slurm_jsrt_to_montgomery_seed44_full_2649,predicted_mask+mask_free,44,nogit,df74c5f5e9e3f2af21ae0a9e050e9b0dff0ef2abea917cb2c7b18d34dfe7dd43,fd75dbcbe096504e832fd9804a9f88664a420353167c3d71cfee62d587e372e0,completed,true,2026-02-17T12:08:58Z,2026-02-17T12:14:10Z,slurm constrained pilot completed; preflight pass + post-tests pass
slurm_gate3_official_20260217_jsrt_to_montgomery_seed42_full_2651,predicted_mask+mask_free,42,10aed312b644,df74c5f5e9e3f2af21ae0a9e050e9b0dff0ef2abea917cb2c7b18d34dfe7dd43,fd75dbcbe096504e832fd9804a9f88664a420353167c3d71cfee62d587e372e0,running,false,2026-02-17T12:22:44Z,,slurm pilot started on job_id=2651; batch_tag=gate3_official_20260217; snapshot_hash=13207d48d107223aa8f23ad36e0bb702688a6224b42a048964a32303705e11d4
gpu_pilot_gate3_official_20260217_jsrt_to_montgomery_full_predicted_mask_seed42_20260217T122245Z,predicted_mask,42,10aed312b644,df74c5f5e9e3f2af21ae0a9e050e9b0dff0ef2abea917cb2c7b18d34dfe7dd43,fd75dbcbe096504e832fd9804a9f88664a420353167c3d71cfee62d587e372e0,running,false,2026-02-17T12:22:45Z,,gpu_pilot started; budget_sec=6900; log=/storage/xai_cxr_safety/xai_shift_fingerprints_reproduction_20251225_full/logs_v2/gpu_pilot_gate3_official_20260217_jsrt_to_montgomery_full_predicted_mask_seed42_20260217T122245Z.log; batch_tag=gate3_official_20260217; snapshot_hash=13207d48d107223aa8f23ad36e0bb702688a6224b42a048964a32303705e11d4
gpu_pilot_gate3_official_20260217_jsrt_to_montgomery_full_predicted_mask_seed42_20260217T122245Z,predicted_mask,42,10aed312b644,df74c5f5e9e3f2af21ae0a9e050e9b0dff0ef2abea917cb2c7b18d34dfe7dd43,fd75dbcbe096504e832fd9804a9f88664a420353167c3d71cfee62d587e372e0,completed,true,2026-02-17T12:22:45Z,2026-02-17T12:25:25Z,gpu_pilot completed; output_hash=fb4772638be2f00b1f67c8db5bcd76271c95b7d3c2c1b11655835db4dd5a5c7c; log=/storage/xai_cxr_safety/xai_shift_fingerprints_reproduction_20251225_full/logs_v2/gpu_pilot_gate3_official_20260217_jsrt_to_montgomery_full_predicted_mask_seed42_20260217T122245Z.log; batch_tag=gate3_official_20260217; snapshot_hash=13207d48d107223aa8f23ad36e0bb702688a6224b42a048964a32303705e11d4
gpu_pilot_gate3_official_20260217_jsrt_to_montgomery_full_mask_free_seed42_20260217T122525Z,mask_free,42,10aed312b644,df74c5f5e9e3f2af21ae0a9e050e9b0dff0ef2abea917cb2c7b18d34dfe7dd43,fd75dbcbe096504e832fd9804a9f88664a420353167c3d71cfee62d587e372e0,running,false,2026-02-17T12:25:25Z,,gpu_pilot started; budget_sec=6740; log=/storage/xai_cxr_safety/xai_shift_fingerprints_reproduction_20251225_full/logs_v2/gpu_pilot_gate3_official_20260217_jsrt_to_montgomery_full_mask_free_seed42_20260217T122525Z.log; batch_tag=gate3_official_20260217; snapshot_hash=13207d48d107223aa8f23ad36e0bb702688a6224b42a048964a32303705e11d4
gpu_pilot_gate3_official_20260217_jsrt_to_montgomery_full_mask_free_seed42_20260217T122525Z,mask_free,42,10aed312b644,df74c5f5e9e3f2af21ae0a9e050e9b0dff0ef2abea917cb2c7b18d34dfe7dd43,fd75dbcbe096504e832fd9804a9f88664a420353167c3d71cfee62d587e372e0,completed,true,2026-02-17T12:25:25Z,2026-02-17T12:27:53Z,gpu_pilot completed; output_hash=34f77b4712bb1655421d11944fb591860843ad57b46e7a3d5d570417303312c4; log=/storage/xai_cxr_safety/xai_shift_fingerprints_reproduction_20251225_full/logs_v2/gpu_pilot_gate3_official_20260217_jsrt_to_montgomery_full_mask_free_seed42_20260217T122525Z.log; batch_tag=gate3_official_20260217; snapshot_hash=13207d48d107223aa8f23ad36e0bb702688a6224b42a048964a32303705e11d4
slurm_gate3_official_20260217_jsrt_to_montgomery_seed42_full_2651,predicted_mask+mask_free,42,10aed312b644,df74c5f5e9e3f2af21ae0a9e050e9b0dff0ef2abea917cb2c7b18d34dfe7dd43,fd75dbcbe096504e832fd9804a9f88664a420353167c3d71cfee62d587e372e0,completed,true,2026-02-17T12:22:44Z,2026-02-17T12:27:58Z,slurm constrained pilot completed; preflight pass + post-tests pass; batch_tag=gate3_official_20260217; snapshot_hash=13207d48d107223aa8f23ad36e0bb702688a6224b42a048964a32303705e11d4
slurm_gate3_official_20260217_jsrt_to_montgomery_seed43_full_2652,predicted_mask+mask_free,43,10aed312b644,df74c5f5e9e3f2af21ae0a9e050e9b0dff0ef2abea917cb2c7b18d34dfe7dd43,fd75dbcbe096504e832fd9804a9f88664a420353167c3d71cfee62d587e372e0,running,false,2026-02-17T12:28:01Z,,slurm pilot started on job_id=2652; batch_tag=gate3_official_20260217; snapshot_hash=13207d48d107223aa8f23ad36e0bb702688a6224b42a048964a32303705e11d4
gpu_pilot_gate3_official_20260217_jsrt_to_montgomery_full_predicted_mask_seed43_20260217T122802Z,predicted_mask,43,10aed312b644,df74c5f5e9e3f2af21ae0a9e050e9b0dff0ef2abea917cb2c7b18d34dfe7dd43,fd75dbcbe096504e832fd9804a9f88664a420353167c3d71cfee62d587e372e0,running,false,2026-02-17T12:28:02Z,,gpu_pilot started; budget_sec=6900; log=/storage/xai_cxr_safety/xai_shift_fingerprints_reproduction_20251225_full/logs_v2/gpu_pilot_gate3_official_20260217_jsrt_to_montgomery_full_predicted_mask_seed43_20260217T122802Z.log; batch_tag=gate3_official_20260217; snapshot_hash=13207d48d107223aa8f23ad36e0bb702688a6224b42a048964a32303705e11d4
gpu_pilot_gate3_official_20260217_jsrt_to_montgomery_full_predicted_mask_seed43_20260217T122802Z,predicted_mask,43,10aed312b644,df74c5f5e9e3f2af21ae0a9e050e9b0dff0ef2abea917cb2c7b18d34dfe7dd43,fd75dbcbe096504e832fd9804a9f88664a420353167c3d71cfee62d587e372e0,completed,true,2026-02-17T12:28:02Z,2026-02-17T12:30:40Z,gpu_pilot completed; output_hash=a1138b460468d8c44e80f57e160e2e619812d3f4c626cfb9d8acee258ec56f40; log=/storage/xai_cxr_safety/xai_shift_fingerprints_reproduction_20251225_full/logs_v2/gpu_pilot_gate3_official_20260217_jsrt_to_montgomery_full_predicted_mask_seed43_20260217T122802Z.log; batch_tag=gate3_official_20260217; snapshot_hash=13207d48d107223aa8f23ad36e0bb702688a6224b42a048964a32303705e11d4
gpu_pilot_gate3_official_20260217_jsrt_to_montgomery_full_mask_free_seed43_20260217T123040Z,mask_free,43,10aed312b644,df74c5f5e9e3f2af21ae0a9e050e9b0dff0ef2abea917cb2c7b18d34dfe7dd43,fd75dbcbe096504e832fd9804a9f88664a420353167c3d71cfee62d587e372e0,running,false,2026-02-17T12:30:40Z,,gpu_pilot started; budget_sec=6742; log=/storage/xai_cxr_safety/xai_shift_fingerprints_reproduction_20251225_full/logs_v2/gpu_pilot_gate3_official_20260217_jsrt_to_montgomery_full_mask_free_seed43_20260217T123040Z.log; batch_tag=gate3_official_20260217; snapshot_hash=13207d48d107223aa8f23ad36e0bb702688a6224b42a048964a32303705e11d4
gpu_pilot_gate3_official_20260217_jsrt_to_montgomery_full_mask_free_seed43_20260217T123040Z,mask_free,43,10aed312b644,df74c5f5e9e3f2af21ae0a9e050e9b0dff0ef2abea917cb2c7b18d34dfe7dd43,fd75dbcbe096504e832fd9804a9f88664a420353167c3d71cfee62d587e372e0,completed,true,2026-02-17T12:30:40Z,2026-02-17T12:33:08Z,gpu_pilot completed; output_hash=ea3789400deb4e8dfbd284291a97ecd725ee3f3fee520aa395a9300d549762a6; log=/storage/xai_cxr_safety/xai_shift_fingerprints_reproduction_20251225_full/logs_v2/gpu_pilot_gate3_official_20260217_jsrt_to_montgomery_full_mask_free_seed43_20260217T123040Z.log; batch_tag=gate3_official_20260217; snapshot_hash=13207d48d107223aa8f23ad36e0bb702688a6224b42a048964a32303705e11d4
slurm_gate3_official_20260217_jsrt_to_montgomery_seed43_full_2652,predicted_mask+mask_free,43,10aed312b644,df74c5f5e9e3f2af21ae0a9e050e9b0dff0ef2abea917cb2c7b18d34dfe7dd43,fd75dbcbe096504e832fd9804a9f88664a420353167c3d71cfee62d587e372e0,completed,true,2026-02-17T12:28:01Z,2026-02-17T12:33:12Z,slurm constrained pilot completed; preflight pass + post-tests pass; batch_tag=gate3_official_20260217; snapshot_hash=13207d48d107223aa8f23ad36e0bb702688a6224b42a048964a32303705e11d4
slurm_gate3_official_20260217_jsrt_to_montgomery_seed44_full_2653,predicted_mask+mask_free,44,10aed312b644,df74c5f5e9e3f2af21ae0a9e050e9b0dff0ef2abea917cb2c7b18d34dfe7dd43,fd75dbcbe096504e832fd9804a9f88664a420353167c3d71cfee62d587e372e0,running,false,2026-02-17T12:33:16Z,,slurm pilot started on job_id=2653; batch_tag=gate3_official_20260217; snapshot_hash=13207d48d107223aa8f23ad36e0bb702688a6224b42a048964a32303705e11d4
gpu_pilot_gate3_official_20260217_jsrt_to_montgomery_full_predicted_mask_seed44_20260217T123317Z,predicted_mask,44,10aed312b644,df74c5f5e9e3f2af21ae0a9e050e9b0dff0ef2abea917cb2c7b18d34dfe7dd43,fd75dbcbe096504e832fd9804a9f88664a420353167c3d71cfee62d587e372e0,running,false,2026-02-17T12:33:17Z,,gpu_pilot started; budget_sec=6900; log=/storage/xai_cxr_safety/xai_shift_fingerprints_reproduction_20251225_full/logs_v2/gpu_pilot_gate3_official_20260217_jsrt_to_montgomery_full_predicted_mask_seed44_20260217T123317Z.log; batch_tag=gate3_official_20260217; snapshot_hash=13207d48d107223aa8f23ad36e0bb702688a6224b42a048964a32303705e11d4
gpu_pilot_gate3_official_20260217_jsrt_to_montgomery_full_predicted_mask_seed44_20260217T123317Z,predicted_mask,44,10aed312b644,df74c5f5e9e3f2af21ae0a9e050e9b0dff0ef2abea917cb2c7b18d34dfe7dd43,fd75dbcbe096504e832fd9804a9f88664a420353167c3d71cfee62d587e372e0,completed,true,2026-02-17T12:33:17Z,2026-02-17T12:35:55Z,gpu_pilot completed; output_hash=3c650f0d3dfb00f3641639bf6db2599ea01f84410267231225212c0ecd3d27f9; log=/storage/xai_cxr_safety/xai_shift_fingerprints_reproduction_20251225_full/logs_v2/gpu_pilot_gate3_official_20260217_jsrt_to_montgomery_full_predicted_mask_seed44_20260217T123317Z.log; batch_tag=gate3_official_20260217; snapshot_hash=13207d48d107223aa8f23ad36e0bb702688a6224b42a048964a32303705e11d4
gpu_pilot_gate3_official_20260217_jsrt_to_montgomery_full_mask_free_seed44_20260217T123555Z,mask_free,44,10aed312b644,df74c5f5e9e3f2af21ae0a9e050e9b0dff0ef2abea917cb2c7b18d34dfe7dd43,fd75dbcbe096504e832fd9804a9f88664a420353167c3d71cfee62d587e372e0,running,false,2026-02-17T12:35:55Z,,gpu_pilot started; budget_sec=6742; log=/storage/xai_cxr_safety/xai_shift_fingerprints_reproduction_20251225_full/logs_v2/gpu_pilot_gate3_official_20260217_jsrt_to_montgomery_full_mask_free_seed44_20260217T123555Z.log; batch_tag=gate3_official_20260217; snapshot_hash=13207d48d107223aa8f23ad36e0bb702688a6224b42a048964a32303705e11d4
gpu_pilot_gate3_official_20260217_jsrt_to_montgomery_full_mask_free_seed44_20260217T123555Z,mask_free,44,10aed312b644,df74c5f5e9e3f2af21ae0a9e050e9b0dff0ef2abea917cb2c7b18d34dfe7dd43,fd75dbcbe096504e832fd9804a9f88664a420353167c3d71cfee62d587e372e0,completed,true,2026-02-17T12:35:55Z,2026-02-17T12:38:23Z,gpu_pilot completed; output_hash=ffafc99f69297f2f85cb3e71c3d2c1c0614ef0c3e75cc222e879624235272283; log=/storage/xai_cxr_safety/xai_shift_fingerprints_reproduction_20251225_full/logs_v2/gpu_pilot_gate3_official_20260217_jsrt_to_montgomery_full_mask_free_seed44_20260217T123555Z.log; batch_tag=gate3_official_20260217; snapshot_hash=13207d48d107223aa8f23ad36e0bb702688a6224b42a048964a32303705e11d4
slurm_gate3_official_20260217_jsrt_to_montgomery_seed44_full_2653,predicted_mask+mask_free,44,10aed312b644,df74c5f5e9e3f2af21ae0a9e050e9b0dff0ef2abea917cb2c7b18d34dfe7dd43,fd75dbcbe096504e832fd9804a9f88664a420353167c3d71cfee62d587e372e0,completed,true,2026-02-17T12:33:16Z,2026-02-17T12:38:28Z,slurm constrained pilot completed; preflight pass + post-tests pass; batch_tag=gate3_official_20260217; snapshot_hash=13207d48d107223aa8f23ad36e0bb702688a6224b42a048964a32303705e11d4
slurm_gate3_official_20260217_jsrt_to_montgomery_seed45_full_2654,predicted_mask+mask_free,45,10aed312b644,df74c5f5e9e3f2af21ae0a9e050e9b0dff0ef2abea917cb2c7b18d34dfe7dd43,fd75dbcbe096504e832fd9804a9f88664a420353167c3d71cfee62d587e372e0,running,false,2026-02-17T12:38:31Z,,slurm pilot started on job_id=2654; batch_tag=gate3_official_20260217; snapshot_hash=13207d48d107223aa8f23ad36e0bb702688a6224b42a048964a32303705e11d4
gpu_pilot_gate3_official_20260217_jsrt_to_montgomery_full_predicted_mask_seed45_20260217T123832Z,predicted_mask,45,10aed312b644,df74c5f5e9e3f2af21ae0a9e050e9b0dff0ef2abea917cb2c7b18d34dfe7dd43,fd75dbcbe096504e832fd9804a9f88664a420353167c3d71cfee62d587e372e0,running,false,2026-02-17T12:38:32Z,,gpu_pilot started; budget_sec=6900; log=/storage/xai_cxr_safety/xai_shift_fingerprints_reproduction_20251225_full/logs_v2/gpu_pilot_gate3_official_20260217_jsrt_to_montgomery_full_predicted_mask_seed45_20260217T123832Z.log; batch_tag=gate3_official_20260217; snapshot_hash=13207d48d107223aa8f23ad36e0bb702688a6224b42a048964a32303705e11d4
gpu_pilot_gate3_official_20260217_jsrt_to_montgomery_full_predicted_mask_seed45_20260217T123832Z,predicted_mask,45,10aed312b644,df74c5f5e9e3f2af21ae0a9e050e9b0dff0ef2abea917cb2c7b18d34dfe7dd43,fd75dbcbe096504e832fd9804a9f88664a420353167c3d71cfee62d587e372e0,completed,true,2026-02-17T12:38:32Z,2026-02-17T12:41:11Z,gpu_pilot completed; output_hash=1f03ea1fdc3a4d790e0013053edcecfd8fc489c9a0cbca804f8398961e4dfc15; log=/storage/xai_cxr_safety/xai_shift_fingerprints_reproduction_20251225_full/logs_v2/gpu_pilot_gate3_official_20260217_jsrt_to_montgomery_full_predicted_mask_seed45_20260217T123832Z.log; batch_tag=gate3_official_20260217; snapshot_hash=13207d48d107223aa8f23ad36e0bb702688a6224b42a048964a32303705e11d4
gpu_pilot_gate3_official_20260217_jsrt_to_montgomery_full_mask_free_seed45_20260217T124111Z,mask_free,45,10aed312b644,df74c5f5e9e3f2af21ae0a9e050e9b0dff0ef2abea917cb2c7b18d34dfe7dd43,fd75dbcbe096504e832fd9804a9f88664a420353167c3d71cfee62d587e372e0,running,false,2026-02-17T12:41:11Z,,gpu_pilot started; budget_sec=6741; log=/storage/xai_cxr_safety/xai_shift_fingerprints_reproduction_20251225_full/logs_v2/gpu_pilot_gate3_official_20260217_jsrt_to_montgomery_full_mask_free_seed45_20260217T124111Z.log; batch_tag=gate3_official_20260217; snapshot_hash=13207d48d107223aa8f23ad36e0bb702688a6224b42a048964a32303705e11d4
gpu_pilot_gate3_official_20260217_jsrt_to_montgomery_full_mask_free_seed45_20260217T124111Z,mask_free,45,10aed312b644,df74c5f5e9e3f2af21ae0a9e050e9b0dff0ef2abea917cb2c7b18d34dfe7dd43,fd75dbcbe096504e832fd9804a9f88664a420353167c3d71cfee62d587e372e0,completed,true,2026-02-17T12:41:11Z,2026-02-17T12:43:39Z,gpu_pilot completed; output_hash=81c8db3dcaeb3d7db4e4c23fdeed587e7efa6857e0442f61e5f3ed581a469e97; log=/storage/xai_cxr_safety/xai_shift_fingerprints_reproduction_20251225_full/logs_v2/gpu_pilot_gate3_official_20260217_jsrt_to_montgomery_full_mask_free_seed45_20260217T124111Z.log; batch_tag=gate3_official_20260217; snapshot_hash=13207d48d107223aa8f23ad36e0bb702688a6224b42a048964a32303705e11d4
slurm_gate3_official_20260217_jsrt_to_montgomery_seed45_full_2654,predicted_mask+mask_free,45,10aed312b644,df74c5f5e9e3f2af21ae0a9e050e9b0dff0ef2abea917cb2c7b18d34dfe7dd43,fd75dbcbe096504e832fd9804a9f88664a420353167c3d71cfee62d587e372e0,completed,true,2026-02-17T12:38:31Z,2026-02-17T12:43:44Z,slurm constrained pilot completed; preflight pass + post-tests pass; batch_tag=gate3_official_20260217; snapshot_hash=13207d48d107223aa8f23ad36e0bb702688a6224b42a048964a32303705e11d4
slurm_gate3_official_20260217_jsrt_to_montgomery_seed46_full_2655,predicted_mask+mask_free,46,10aed312b644,df74c5f5e9e3f2af21ae0a9e050e9b0dff0ef2abea917cb2c7b18d34dfe7dd43,fd75dbcbe096504e832fd9804a9f88664a420353167c3d71cfee62d587e372e0,running,false,2026-02-17T12:43:47Z,,slurm pilot started on job_id=2655; batch_tag=gate3_official_20260217; snapshot_hash=13207d48d107223aa8f23ad36e0bb702688a6224b42a048964a32303705e11d4
gpu_pilot_gate3_official_20260217_jsrt_to_montgomery_full_predicted_mask_seed46_20260217T124348Z,predicted_mask,46,10aed312b644,df74c5f5e9e3f2af21ae0a9e050e9b0dff0ef2abea917cb2c7b18d34dfe7dd43,fd75dbcbe096504e832fd9804a9f88664a420353167c3d71cfee62d587e372e0,running,false,2026-02-17T12:43:48Z,,gpu_pilot started; budget_sec=6900; log=/storage/xai_cxr_safety/xai_shift_fingerprints_reproduction_20251225_full/logs_v2/gpu_pilot_gate3_official_20260217_jsrt_to_montgomery_full_predicted_mask_seed46_20260217T124348Z.log; batch_tag=gate3_official_20260217; snapshot_hash=13207d48d107223aa8f23ad36e0bb702688a6224b42a048964a32303705e11d4
gpu_pilot_gate3_official_20260217_jsrt_to_montgomery_full_predicted_mask_seed46_20260217T124348Z,predicted_mask,46,10aed312b644,df74c5f5e9e3f2af21ae0a9e050e9b0dff0ef2abea917cb2c7b18d34dfe7dd43,fd75dbcbe096504e832fd9804a9f88664a420353167c3d71cfee62d587e372e0,completed,true,2026-02-17T12:43:48Z,2026-02-17T12:46:25Z,gpu_pilot completed; output_hash=fa12319be4d3693086485e7572051d4313d08d69cb1c2067e09d795f35d1108c; log=/storage/xai_cxr_safety/xai_shift_fingerprints_reproduction_20251225_full/logs_v2/gpu_pilot_gate3_official_20260217_jsrt_to_montgomery_full_predicted_mask_seed46_20260217T124348Z.log; batch_tag=gate3_official_20260217; snapshot_hash=13207d48d107223aa8f23ad36e0bb702688a6224b42a048964a32303705e11d4
gpu_pilot_gate3_official_20260217_jsrt_to_montgomery_full_mask_free_seed46_20260217T124626Z,mask_free,46,10aed312b644,df74c5f5e9e3f2af21ae0a9e050e9b0dff0ef2abea917cb2c7b18d34dfe7dd43,fd75dbcbe096504e832fd9804a9f88664a420353167c3d71cfee62d587e372e0,running,false,2026-02-17T12:46:26Z,,gpu_pilot started; budget_sec=6742; log=/storage/xai_cxr_safety/xai_shift_fingerprints_reproduction_20251225_full/logs_v2/gpu_pilot_gate3_official_20260217_jsrt_to_montgomery_full_mask_free_seed46_20260217T124626Z.log; batch_tag=gate3_official_20260217; snapshot_hash=13207d48d107223aa8f23ad36e0bb702688a6224b42a048964a32303705e11d4
gpu_pilot_gate3_official_20260217_jsrt_to_montgomery_full_mask_free_seed46_20260217T124626Z,mask_free,46,10aed312b644,df74c5f5e9e3f2af21ae0a9e050e9b0dff0ef2abea917cb2c7b18d34dfe7dd43,fd75dbcbe096504e832fd9804a9f88664a420353167c3d71cfee62d587e372e0,completed,true,2026-02-17T12:46:26Z,2026-02-17T12:48:52Z,gpu_pilot completed; output_hash=84b05f6dee1db299ee4302f5125501f94cda49cc340ebb74bcef8da256253eeb; log=/storage/xai_cxr_safety/xai_shift_fingerprints_reproduction_20251225_full/logs_v2/gpu_pilot_gate3_official_20260217_jsrt_to_montgomery_full_mask_free_seed46_20260217T124626Z.log; batch_tag=gate3_official_20260217; snapshot_hash=13207d48d107223aa8f23ad36e0bb702688a6224b42a048964a32303705e11d4
slurm_gate3_official_20260217_jsrt_to_montgomery_seed46_full_2655,predicted_mask+mask_free,46,10aed312b644,df74c5f5e9e3f2af21ae0a9e050e9b0dff0ef2abea917cb2c7b18d34dfe7dd43,fd75dbcbe096504e832fd9804a9f88664a420353167c3d71cfee62d587e372e0,completed,true,2026-02-17T12:43:47Z,2026-02-17T12:48:57Z,slurm constrained pilot completed; preflight pass + post-tests pass; batch_tag=gate3_official_20260217; snapshot_hash=13207d48d107223aa8f23ad36e0bb702688a6224b42a048964a32303705e11d4
